"year","month","st_thomas_st_john","st_croix","usvi_total","arrival_type"
1994,"February",51434,13354,64787,"air"
1994,"February",132069,5814,135298,"cruise"
1994,"March",59217,14490,73706,"air"
1994,"March",149953,6059,150691,"cruise"
1994,"April",50126,13022,63148,"air"
1994,"April",126832,3700,128315,"cruise"
1994,"May",41864,11473,53337,"air"
1994,"May",76107,1611,76369,"cruise"
1994,"June",38078,9520,47598,"air"
1994,"June",69010,260,69270,"cruise"
1994,"July",42607,13555,56162,"air"
1994,"July",73746,178,73924,"cruise"
1994,"August",40000,13325,53326,"air"
1994,"August",75100,137,75237,"cruise"
1994,"September",28685,5384,34069,"air"
1994,"September",51500,0,31716,"cruise"
1994,"October",35770,9248,45018,"air"
1994,"October",85021,5667,85733,"cruise"
1994,"November",46527,10686,57213,"air"
1994,"November",113404,8705,116810,"cruise"
1994,"December",536755,140261,677014,"air"
1994,"December",1226599,53523,1242886,"cruise"
1995,"February",53667,11514,65180,"air"
1995,"February",126662,13721,127833,"cruise"
1995,"March",58946,12543,71488,"air"
1995,"March",146340,15315,148312,"cruise"
1995,"April",57985,11799,69784,"air"
1995,"April",120879,13516,121142,"cruise"
1995,"May",39806,10330,50136,"air"
1995,"May",74214,8028,77149,"cruise"
1995,"June",40045,9162,49207,"air"
1995,"June",73073,4983,73073,"cruise"
1995,"July",43181,11338,54519,"air"
1995,"July",83067,5159,83067,"cruise"
1995,"August",39267,12389,51657,"air"
1995,"August",69771,5110,65739,"cruise"
1995,"September",6173,6905,13078,"air"
1995,"September",23041,11171,-38.4,"cruise"
1995,"October",4380,8486,12866,"air"
1995,"October",1158,55122,56280,"cruise"
1995,"November",15895,10785,26680,"air"
1995,"November",73081,52671,108500,"cruise"
1995,"December",431121,130943,562062,"air"
1995,"December",1066515,229822,1171286,"cruise"
1996,"February",27278,13264,40542,"air"
1996,"February",142314,20432,141602,"cruise"
1996,"March",31291,13810,45101,"air"
1996,"March",154856,17545,154914,"cruise"
1996,"April",31278,14385,45663,"air"
1996,"April",138673,15329,138648,"cruise"
1996,"May",25356,12370,37726,"air"
1996,"May",67665,7060,67650,"cruise"
1996,"June",24557,11700,36256,"air"
1996,"June",73017,5165,73017,"cruise"
1996,"July",24874,13755,38629,"air"
1996,"July",67104,3455,67104,"cruise"
1996,"August",24583,14098,38681,"air"
1996,"August",75813,7688,78348,"cruise"
1996,"September",13350,6948,20297,"air"
1996,"September",49917,2135,49917,"cruise"
1996,"October",19373,9675,29048,"air"
1996,"October",88618,9876,89203,"cruise"
1996,"November",28265,11738,40003,"air"
1996,"November",135893,15137,135893,"cruise"
1996,"December",34375,16537,50912,"air"
1996,"December",1308197,149573,1316425,"cruise"
1997,"February",34207,12251,46458,"air"
1997,"February",164477,30088,175471,"cruise"
1997,"March",42099,15698,57796,"air"
1997,"March",183241,22221,190486,"cruise"
1997,"April",34525,11891,46416,"air"
1997,"April",147001,23846,158833,"cruise"
1997,"May",29703,10723,40426,"air"
1997,"May",89149,10581,91074,"cruise"
1997,"June",27288,10767,38055,"air"
1997,"June",84721,6302,84919,"cruise"
1997,"July",27898,11426,39324,"air"
1997,"July",90306,6662,90307,"cruise"
1997,"August",28286,12225,40511,"air"
1997,"August",76654,6691,76658,"cruise"
1997,"September",16269,7411,23680,"air"
1997,"September",72548,9825,69683,"cruise"
1997,"October",21020,8130,29150,"air"
1997,"October",121528,8121,126907,"cruise"
1997,"November",32260,11230,43490,"air"
1997,"November",161743,15149,170546,"cruise"
1997,"December",36251,15166,51417,"air"
1997,"December",1560247,177963,1618956,"cruise"
1998,"February",37073,12126,49199,"air"
1998,"February",156456,15252,164291,"cruise"
1998,"March",40142,13607,53748,"air"
1998,"March",184779,15797,191558,"cruise"
1998,"April",42041,12821,54862,"air"
1998,"April",151544,16464,161144,"cruise"
1998,"May",31496,10193,41689,"air"
1998,"May",87253,11059,92344,"cruise"
1998,"June",29365,9678,39043,"air"
1998,"June",79352,6820,79354,"cruise"
1998,"July",28827,10664,39491,"air"
1998,"July",76012,9008,76029,"cruise"
1998,"August",28413,11286,39699,"air"
1998,"August",76101,3358,76099,"cruise"
1998,"September",13927,6471,20399,"air"
1998,"September",65687,8576,68478,"cruise"
1998,"October",24327,9556,33883,"air"
1998,"October",127055,20996,136524,"cruise"
1998,"November",31978,10360,42338,"air"
1998,"November",167154,13955,174837,"cruise"
1998,"December",388241,135165,523406,"air"
1998,"December",1547081,154262,1615518,"cruise"
1999,"February",40326,11910,52236,"air"
1999,"February",158934,18697,167965,"cruise"
1999,"March",49145,13573,62718,"air"
1999,"March",178961,19785,184328,"cruise"
1999,"April",44990,12418,57409,"air"
1999,"April",142672,19577,147783,"cruise"
1999,"May",36695,10093,46788,"air"
1999,"May",65992,5665,65992,"cruise"
1999,"June",34766,9865,44631,"air"
1999,"June",61485,6426,61377,"cruise"
1999,"July",35529,12587,48116,"air"
1999,"July",62934,6710,62932,"cruise"
1999,"August",31413,12453,43867,"air"
1999,"August",61923,6721,61922,"cruise"
1999,"September",15846,6146,21992,"air"
1999,"September",56802,8335,59199,"cruise"
1999,"October",22018,7802,29820,"air"
1999,"October",72954,8196,72617,"cruise"
1999,"November",33923,9716,43638,"air"
1999,"November",148062,16238,150549,"cruise"
1999,"December",427932,132202,560134,"air"
1999,"December",1363277,164492,1402718,"cruise"
2000,"February",47121,11586,58707,"air"
2000,"February",184229,22938,184229,"cruise"
2000,"March",53017,14981,67997,"air"
2000,"March",207685,27669,207685,"cruise"
2000,"April",49096,13598,62694,"air"
2000,"April",179579,23952,188484,"cruise"
2000,"May",42423,14277,56701,"air"
2000,"May",94893,10934,94893,"cruise"
2000,"June",40286,11906,52192,"air"
2000,"June",75923,6821,75923,"cruise"
2000,"July",41199,13043,54242,"air"
2000,"July",78718,6871,78718,"cruise"
2000,"August",34629,14149,48778,"air"
2000,"August",70014,3461,70014,"cruise"
2000,"September",24919,5825,30744,"air"
2000,"September",76805,5989,76805,"cruise"
2000,"October",24777,9535,34312,"air"
2000,"October",125529,10827,128738,"cruise"
2000,"November",40013,11525,51538,"air"
2000,"November",214699,36387,232741,"cruise"
2000,"December",482441,147359,629799,"air"
2000,"December",1719827,232432,1768402,"cruise"
2001,"February",47091,12592,59683,"air"
2001,"February",47078,12851,59928,"air"
2001,"February",210264,33691,224101,"cruise"
2001,"February",210264,33691,224101,"cruise"
2001,"March",55634,14071,69705,"air"
2001,"March",55620,14329,69949,"air"
2001,"March",225691,35415,239774,"cruise"
2001,"March",225691,35415,239774,"cruise"
2001,"April",50414,13072,63487,"air"
2001,"April",50399,13354,63754,"air"
2001,"April",200237,35313,216064,"cruise"
2001,"April",200237,35313,216064,"cruise"
2001,"May",40552,12693,53246,"air"
2001,"May",40537,12983,53520,"air"
2001,"May",93786,5807,91919,"cruise"
2001,"May",93786,5807,91919,"cruise"
2001,"June",42883,11180,54064,"air"
2001,"June",42863,11570,54433,"air"
2001,"June",91261,6785,91261,"cruise"
2001,"June",91261,6785,91261,"cruise"
2001,"July",40221,11790,52010,"air"
2001,"July",40200,12180,52380,"air"
2001,"July",102578,6801,102578,"cruise"
2001,"July",102578,6801,102578,"cruise"
2001,"August",37769,12672,50441,"air"
2001,"August",37744,13139,50883,"air"
2001,"August",99085,9311,101599,"cruise"
2001,"August",99085,9311,101599,"cruise"
2001,"September",14030,5227,19256,"air"
2001,"September",14014,5515,19529,"air"
2001,"September",63191,5279,63191,"cruise"
2001,"September",63191,5279,63191,"cruise"
2001,"October",21767,6420,28187,"air"
2001,"October",21751,6732,28482,"air"
2001,"October",121267,14277,126555,"cruise"
2001,"October",121267,14277,126555,"cruise"
2001,"November",33146,10028,43175,"air"
2001,"November",33131,10321,43451,"air"
2001,"November",165635,20632,176811,"cruise"
2001,"November",165635,20632,176811,"cruise"
2001,"December",469627,136403,606032,"air"
2001,"December",469423,140223,609646,"air"
2001,"December",1790452,237407,1891389,"cruise"
2001,"December",1790452,237407,1891389,"cruise"
2002,"February",43118,11924,55041,"air"
2002,"February",43005,11976,54981,"air"
2002,"February",184229,22982,198263,"cruise"
2002,"February",184229,22982,198263,"cruise"
2002,"March",57804,13733,71537,"air"
2002,"March",57691,13786,71477,"air"
2002,"March",205714,27793,219810,"cruise"
2002,"March",205714,27793,219810,"cruise"
2002,"April",48016,10896,58913,"air"
2002,"April",47893,10954,58847,"air"
2002,"April",153737,17050,161235,"cruise"
2002,"April",153737,17050,161235,"cruise"
2002,"May",37662,10847,48509,"air"
2002,"May",37536,10905,48441,"air"
2002,"May",103064,5715,103064,"cruise"
2002,"May",103064,5715,106055,"cruise"
2002,"June",39743,10677,50420,"air"
2002,"June",39572,10756,50329,"air"
2002,"June",88152,0,88152,"cruise"
2002,"June",88152,0,92844,"cruise"
2002,"July",39032,10613,49645,"air"
2002,"July",38861,10692,49554,"air"
2002,"July",101672,0,101672,"cruise"
2002,"July",101672,0,103017,"cruise"
2002,"August",36026,10257,46283,"air"
2002,"August",35822,10352,46174,"air"
2002,"August",98079,0,98079,"cruise"
2002,"August",98079,0,96933,"cruise"
2002,"September",17668,5842,23510,"air"
2002,"September",17542,5900,23443,"air"
2002,"September",74788,0,74788,"cruise"
2002,"September",74788,0,87661,"cruise"
2002,"October",24680,7086,31765,"air"
2002,"October",24544,7149,31693,"air"
2002,"October",110754,39,110793,"cruise"
2002,"October",110754,39,116450,"cruise"
2002,"November",38407,8839,47245,"air"
2002,"November",38279,8898,47177,"air"
2002,"November",141331,4279,145473,"cruise"
2002,"November",141331,4279,145473,"cruise"
2002,"December",472900,126008,598907,"air"
2002,"December",471233,126783,598019,"air"
2002,"December",1671318,120453,1738703,"cruise"
2002,"December",1671318,120453,1738703,"cruise"
2003,"February",46641,8759,55399,"air"
2003,"February",46641,8759,55399,"air"
2003,"February",172988,9065,181901,"cruise"
2003,"February",172988,9065,181901,"cruise"
2003,"March",56609,12588,69197,"air"
2003,"March",56609,12588,69197,"air"
2003,"March",189401,4563,193414,"cruise"
2003,"March",189401,4563,193414,"cruise"
2003,"April",50172,4532,54704,"air"
2003,"April",50172,4532,54704,"air"
2003,"April",182096,582,182605,"cruise"
2003,"April",182096,582,182605,"cruise"
2003,"May",42668,9791,52459,"air"
2003,"May",42668,9791,52459,"air"
2003,"May",106055,0,2.9,"cruise"
2003,"May",106055,0,118496,"cruise"
2003,"June",39931,8647,48578,"air"
2003,"June",39931,8647,48578,"air"
2003,"June",92844,0,5.3,"cruise"
2003,"June",92844,0,126643,"cruise"
2003,"July",43978,9690,53668,"air"
2003,"July",43978,9690,53668,"air"
2003,"July",103017,0,1.3,"cruise"
2003,"July",103017,0,123695,"cruise"
2003,"August",39895,10059,49954,"air"
2003,"August",39895,10059,49954,"air"
2003,"August",96933,0,-1.2,"cruise"
2003,"August",96933,0,109498,"cruise"
2003,"September",19809,5540,25350,"air"
2003,"September",19809,5540,25350,"air"
2003,"September",87661,0,17.2,"cruise"
2003,"September",87661,0,72764,"cruise"
2003,"October",28991,7353,36344,"air"
2003,"October",28991,7353,36344,"air"
2003,"October",116450,0,5.1,"cruise"
2003,"October",116450,0,129480,"cruise"
2003,"November",41252,14266,55518,"air"
2003,"November",41252,14266,55518,"air"
2003,"November",191191,37,191191,"cruise"
2003,"November",191191,37,199627,"cruise"
2003,"December",504322,114921,620814,"air"
2003,"December",505894,114921,620814,"air"
2003,"December",1751930,23049,1773948,"cruise"
2003,"December",1751930,23049,1773948,"cruise"
2004,"February",45132,10623,55754,"air"
2004,"February",205257,0,205257,"cruise"
2004,"February",205257,0,206968,"cruise"
2004,"March",56819,11771,68590,"air"
2004,"March",230497,112,230497,"cruise"
2004,"March",230497,112,244794,"cruise"
2004,"April",57411,13004,70415,"air"
2004,"April",185792,0,185792,"cruise"
2004,"April",185792,0,217549,"cruise"
2004,"May",46612,11429,58041,"air"
2004,"May",116954,1542,11.7,"cruise"
2004,"May",116954,1542,118496,"cruise"
2004,"June",46319,11292,57612,"air"
2004,"June",126643,0,36.4,"cruise"
2004,"June",126643,0,99201,"cruise"
2004,"July",48401,12555,60956,"air"
2004,"July",123695,0,20.1,"cruise"
2004,"July",123695,0,94655,"cruise"
2004,"August",38336,11723,50059,"air"
2004,"August",109498,0,13,"cruise"
2004,"August",109498,0,102297,"cruise"
2004,"September",19947,5684,25631,"air"
2004,"September",72764,0,-17,"cruise"
2004,"September",72764,0,73236,"cruise"
2004,"October",30449,8359,38808,"air"
2004,"October",129480,0,11.2,"cruise"
2004,"October",129480,0,142483,"cruise"
2004,"November",41465,10700,52166,"air"
2004,"November",199627,10952,4.4,"cruise"
2004,"November",199627,10952,199627,"cruise"
2004,"December",526401,132236,658638,"air"
2004,"December",1960913,24983,1963609,"cruise"
2004,"December",1960913,24983,1912539,"cruise"
2005,"February",45132,10623,55754,"air"
2005,"February",51562,11649,63212,"air"
2005,"February",51562,11649,63212,"air"
2005,"February",206968,9764,0.8,"cruise"
2005,"February",206968,9764,206968,"cruise"
2005,"March",56819,11771,68590,"air"
2005,"March",66204,16396,82601,"air"
2005,"March",66204,16396,82601,"air"
2005,"March",244505,13791,6.2,"cruise"
2005,"March",244505,13791,244794,"cruise"
2005,"April",57411,13004,70415,"air"
2005,"April",54330,13580,67910,"air"
2005,"April",54330,13580,67910,"air"
2005,"April",217549,6425,17.1,"cruise"
2005,"April",217549,6425,217549,"cruise"
2005,"May",46612,11429,58041,"air"
2005,"May",45736,12147,57883,"air"
2005,"May",45736,12147,57883,"air"
2005,"May",117759,0,117759,"cruise"
2005,"May",117759,0,124800,"cruise"
2005,"June",46319,11292,57612,"air"
2005,"June",47662,12547,60209,"air"
2005,"June",47662,12547,60209,"air"
2005,"June",99201,0,-21.7,"cruise"
2005,"June",99201,0,101846,"cruise"
2005,"July",48401,12555,60956,"air"
2005,"July",48090,13643,61732,"air"
2005,"July",48090,13643,61732,"air"
2005,"July",94655,0,-23.5,"cruise"
2005,"July",94655,0,118570,"cruise"
2005,"August",38336,11723,50059,"air"
2005,"August",36958,12017,48975,"air"
2005,"August",36958,12017,48975,"air"
2005,"August",102297,0,-6.6,"cruise"
2005,"August",102297,0,126044,"cruise"
2005,"September",19947,5684,25631,"air"
2005,"September",18810,6844,25653,"air"
2005,"September",18810,6844,25653,"air"
2005,"September",73236,0,0.6,"cruise"
2005,"September",73236,0,107313,"cruise"
2005,"October",30449,8359,38808,"air"
2005,"October",29433,8726,38159,"air"
2005,"October",29433,8726,38159,"air"
2005,"October",142483,0,10,"cruise"
2005,"October",142483,0,124427,"cruise"
2005,"November",41465,10700,52166,"air"
2005,"November",42989,12771,55760,"air"
2005,"November",42989,12771,55760,"air"
2005,"November",185378,6874,185378,"cruise"
2005,"November",185378,6874,185378,"cruise"
2005,"December",526400,132237,658638,"air"
2005,"December",545260,151773,697033,"air"
2005,"December",543442,149616,693058,"air"
2005,"December",1909984,54502,-2.7,"cruise"
2005,"December",1909984,54502,1912539,"cruise"
2006,"February",51842,11627,63469,"air"
2006,"February",51842,11627,63469,"air"
2006,"February",187404,4322,187511,"cruise"
2006,"February",187404,4322,187511,"cruise"
2006,"March",62878,13930,76808,"air"
2006,"March",62878,13930,76808,"air"
2006,"March",206113,13167,208264,"cruise"
2006,"March",206113,13167,208264,"cruise"
2006,"April",60857,14132,74989,"air"
2006,"April",60857,14132,74989,"air"
2006,"April",198878,6896,198878,"cruise"
2006,"April",198878,6896,198878,"cruise"
2006,"May",45585,12343,57929,"air"
2006,"May",45585,12343,57929,"air"
2006,"May",124800,0,6,"cruise"
2006,"May",124800,0,114689,"cruise"
2006,"June",47973,12114,60087,"air"
2006,"June",47973,12114,60087,"air"
2006,"June",101846,0,2.7,"cruise"
2006,"June",101846,0,103866,"cruise"
2006,"July",48444,13199,61643,"air"
2006,"July",48444,13199,61643,"air"
2006,"July",118570,0,25.3,"cruise"
2006,"July",118570,0,119208,"cruise"
2006,"August",33539,11090,44628,"air"
2006,"August",33539,11090,44628,"air"
2006,"August",126044,0,23.2,"cruise"
2006,"August",126044,0,127081,"cruise"
2006,"September",18055,5724,23779,"air"
2006,"September",18055,5724,23779,"air"
2006,"September",107313,0,46.5,"cruise"
2006,"September",107313,0,95632,"cruise"
2006,"October",27294,7909,35204,"air"
2006,"October",27294,7909,35204,"air"
2006,"October",124427,0,-12.7,"cruise"
2006,"October",124427,0,130043,"cruise"
2006,"November",35996,10773,46769,"air"
2006,"November",35996,10773,46769,"air"
2006,"November",185717,2039,185717,"cruise"
2006,"November",185717,2039,185717,"cruise"
2006,"December",533419,137942,671361,"air"
2006,"December",533419,137942,671361,"air"
2006,"December",1901275,35191,1903533,"cruise"
2006,"December",1901275,35191,1903533,"cruise"
2007,"February",48676,11108,59783,"air"
2007,"February",48676,11108,59783,"air"
2007,"February",195526,2091,195526,"cruise"
2007,"February",195526,2091,195526,"cruise"
2007,"March",64807,14748,79555,"air"
2007,"March",64807,14748,79555,"air"
2007,"March",212151,4548,212151,"cruise"
2007,"March",212151,4548,212151,"cruise"
2007,"April",54831,11812,66643,"air"
2007,"April",54831,11812,66643,"air"
2007,"April",167408,0,167408,"cruise"
2007,"April",167408,0,184125,"cruise"
2007,"May",44274,11645,55919,"air"
2007,"May",44274,11645,55919,"air"
2007,"May",114689,0,-8.1,"cruise"
2007,"May",114689,0,92836,"cruise"
2007,"June",51111,10631,61742,"air"
2007,"June",51111,10631,61742,"air"
2007,"June",103866,0,2,"cruise"
2007,"June",103866,0,104546,"cruise"
2007,"July",50994,12403,63398,"air"
2007,"July",50994,12403,63398,"air"
2007,"July",119208,0,0.5,"cruise"
2007,"July",119208,0,105622,"cruise"
2007,"August",45510,10499,56009,"air"
2007,"August",45510,10499,56009,"air"
2007,"August",127081,0,0.8,"cruise"
2007,"August",127081,0,98503,"cruise"
2007,"September",23671,6427,30098,"air"
2007,"September",23671,6427,30098,"air"
2007,"September",95632,0,-10.9,"cruise"
2007,"September",95632,0,65377,"cruise"
2007,"October",33730,8462,42192,"air"
2007,"October",33730,8462,42192,"air"
2007,"October",130043,0,4.5,"cruise"
2007,"October",130043,0,78362,"cruise"
2007,"November",42211,10382,52593,"air"
2007,"November",42211,10382,52593,"air"
2007,"November",185857,313,186170,"cruise"
2007,"November",185857,313,186170,"cruise"
2007,"December",561321,132052,693373,"air"
2007,"December",561321,132052,693373,"air"
2007,"December",1917371,7146,1917878,"cruise"
2007,"December",1917371,7146,1757067,"cruise"
2008,"February",55469,10837,66305,"air"
2008,"February",55270,10687,65956,"air"
2008,"February",194928,0,194928,"cruise"
2008,"March",67769,13511,81280,"air"
2008,"March",67571,13361,80932,"air"
2008,"March",226876,0,226876,"cruise"
2008,"April",56516,10605,67121,"air"
2008,"April",56299,10441,66740,"air"
2008,"April",184125,0,10,"cruise"
2008,"May",48418,10441,58859,"air"
2008,"May",48196,10273,58469,"air"
2008,"May",92836,0,-19.1,"cruise"
2008,"June",52022,10757,62779,"air"
2008,"June",51722,10531,62253,"air"
2008,"June",104546,0,0.7,"cruise"
2008,"July",50900,11554,62455,"air"
2008,"July",50600,11327,61927,"air"
2008,"July",105622,0,-11.4,"cruise"
2008,"August",44085,9960,54045,"air"
2008,"August",43726,9689,53415,"air"
2008,"August",98503,0,-22.5,"cruise"
2008,"September",19201,5199,24400,"air"
2008,"September",18979,5032,24011,"air"
2008,"September",65377,0,-31.6,"cruise"
2008,"October",20396,6211,26607,"air"
2008,"October",24546,6030,30576,"air"
2008,"October",78362,0,-39.7,"cruise"
2008,"November",37318,9561,46879,"air"
2008,"November",37092,9391,46484,"air"
2008,"November",155791,634,156425,"cruise"
2008,"December",556960,121945,678905,"air"
2008,"December",558412,119728,678140,"air"
2008,"December",1754557,2510,-8.4,"cruise"
2009,"February",51853,10278,62131,"air"
2009,"February",51853,10278,62131,"air"
2009,"February",179797,6337,194097,"cruise"
2009,"March",53443,9018,62461,"air"
2009,"March",53443,9018,62461,"air"
2009,"March",180520,6266,256478,"cruise"
2009,"April",54670,10933,65603,"air"
2009,"April",54670,10933,65603,"air"
2009,"April",155626,0,166877,"cruise"
2009,"May",45773,11659,57432,"air"
2009,"May",45773,11659,57432,"air"
2009,"May",79102,6661,85763,"cruise"
2009,"June",46451,11472,57923,"air"
2009,"June",46451,11472,57923,"air"
2009,"June",85180,6758,91938,"cruise"
2009,"July",48453,12503,60956,"air"
2009,"July",48453,12503,60956,"air"
2009,"July",84446,7043,91489,"cruise"
2009,"August",39804,10806,50610,"air"
2009,"August",39804,10806,50610,"air"
2009,"August",72166,6999,79165,"cruise"
2009,"September",20679,7593,28272,"air"
2009,"September",20679,7593,28272,"air"
2009,"September",58769,6545,65314,"cruise"
2009,"October",29224,9735,38958,"air"
2009,"October",29224,9735,38958,"air"
2009,"October",84109,14196,98305,"cruise"
2009,"November",40279,12305,52584,"air"
2009,"November",40279,12305,52584,"air"
2009,"November",143036,18434,155478,"cruise"
2009,"December",533310,130938,664249,"air"
2009,"December",533310,130938,664249,"air"
2009,"December",1507623,105093,1858946,"cruise"
2010,"February",53691,12700,66391,"air"
2010,"February",53691,12700,66391,"air"
2010,"February",180122,20095,6.7,"cruise"
2010,"February",180122,20095,194097,"cruise"
2010,"March",66260,14720,80980,"air"
2010,"March",66260,14720,80980,"air"
2010,"March",241412,19491,41.6,"cruise"
2010,"March",241412,19491,256478,"cruise"
2010,"April",54214,12312,66526,"air"
2010,"April",54214,12312,66526,"air"
2010,"April",155693,15832,7.2,"cruise"
2010,"April",155693,15832,166877,"cruise"
2010,"May",44585,12731,57316,"air"
2010,"May",44585,12731,57316,"air"
2010,"May",89551,11338,93386,"cruise"
2010,"May",89551,11338,93386,"cruise"
2010,"June",47180,12530,59710,"air"
2010,"June",47180,12530,59710,"air"
2010,"June",103417,4818,108235,"cruise"
2010,"June",103417,4818,108235,"cruise"
2010,"July",51914,13561,65475,"air"
2010,"July",51914,13561,65475,"air"
2010,"July",108723,4835,113558,"cruise"
2010,"July",108723,4835,113558,"cruise"
2010,"August",38647,12659,51306,"air"
2010,"August",38647,12659,51306,"air"
2010,"August",92833,4829,97662,"cruise"
2010,"August",92833,4829,97662,"cruise"
2010,"September",20265,7615,27881,"air"
2010,"September",20265,7615,27881,"air"
2010,"September",78707,4507,81021,"cruise"
2010,"September",78707,4507,81021,"cruise"
2010,"October",28774,9652,38426,"air"
2010,"October",28774,9652,38426,"air"
2010,"October",109131,7650,116781,"cruise"
2010,"October",109131,7650,116781,"cruise"
2010,"November",36211,11853,48064,"air"
2010,"November",36211,11853,48064,"air"
2010,"November",182843,14567,195548,"cruise"
2010,"November",182843,14567,195548,"cruise"
2010,"December",543002,148556,691558,"air"
2010,"December",543002,148556,691558,"air"
2010,"December",1751328,149418,17.5,"cruise"
2010,"December",1751328,149418,1858946,"cruise"
2011,"February",50569,13233,63802,"air"
2011,"February",50569,13233,63802,"air"
2011,"February",211606,23083,226336,"cruise"
2011,"February",211606,23083,226336,"cruise"
2011,"March",61017,13699,74716,"air"
2011,"March",61017,13699,74716,"air"
2011,"March",241440,20536,253408,"cruise"
2011,"March",241440,20536,253408,"cruise"
2011,"April",52145,11304,63449,"air"
2011,"April",52145,11304,63449,"air"
2011,"April",173844,19639,184445,"cruise"
2011,"April",173844,19639,184445,"cruise"
2011,"May",38393,10760,49153,"air"
2011,"May",38393,10760,49153,"air"
2011,"May",125028,4595,129623,"cruise"
2011,"May",125028,4595,91510,"cruise"
2011,"June",45160,11539,56699,"air"
2011,"June",45160,11539,56699,"air"
2011,"June",98021,4900,102921,"cruise"
2011,"June",98021,4900,81966,"cruise"
2011,"July",50874,14239,65113,"air"
2011,"July",50874,14239,65113,"air"
2011,"July",102870,4925,107795,"cruise"
2011,"July",102870,4925,96790,"cruise"
2011,"August",36365,11095,47460,"air"
2011,"August",36365,11095,47460,"air"
2011,"August",104491,4843,109334,"cruise"
2011,"August",104491,4843,89692,"cruise"
2011,"September",20645,7170,27816,"air"
2011,"September",20645,7170,27816,"air"
2011,"September",75411,4325,79736,"cruise"
2011,"September",75411,4325,69489,"cruise"
2011,"October",30233,9636,39869,"air"
2011,"October",30233,9636,39869,"air"
2011,"October",100532,4464,104996,"cruise"
2011,"October",100532,4464,104996,"cruise"
2011,"November",39078,13636,52714,"air"
2011,"November",39078,13636,52714,"air"
2011,"November",199832,15153,214985,"cruise"
2011,"November",199832,15153,214985,"cruise"
2011,"December",531907,147054,678961,"air"
2011,"December",531907,147054,678961,"air"
2011,"December",1887096,158186,2008991,"cruise"
2011,"December",1887096,158186,2008991,"cruise"
2012,"February",56250,16096,72346,"air"
2012,"February",56250,16096,72346,"air"
2012,"February",229916,20438,250153,"cruise"
2012,"February",229916,20438,250153,"cruise"
2012,"March",65863,17584,83447,"air"
2012,"March",65863,17584,83477,"air"
2012,"March",222342,19779,239075,"cruise"
2012,"March",222342,19779,239075,"cruise"
2012,"April",59940,14208,74148,"air"
2012,"April",59940,14208,74148,"air"
2012,"April",188647,16787,205434,"cruise"
2012,"April",188647,16787,205434,"cruise"
2012,"May",48959,12899,61858,"air"
2012,"May",48959,12899,61858,"air"
2012,"May",91510,0,-29.4,"cruise"
2012,"May",91510,0,90517,"cruise"
2012,"June",52596,13608,66204,"air"
2012,"June",52596,13608,66204,"air"
2012,"June",81966,0,-20.4,"cruise"
2012,"June",81966,0,101746,"cruise"
2012,"July",54826,14238,69064,"air"
2012,"July",54826,14238,69064,"air"
2012,"July",96790,0,-10.2,"cruise"
2012,"July",96790,0,112217,"cruise"
2012,"August",38533,10974,49507,"air"
2012,"August",38533,10974,49507,"air"
2012,"August",89692,0,-18,"cruise"
2012,"August",89692,0,97978,"cruise"
2012,"September",24163,7371,31535,"air"
2012,"September",24163,7371,31535,"air"
2012,"September",69489,0,-12.9,"cruise"
2012,"September",69489,0,92592,"cruise"
2012,"October",26329,8690,35019,"air"
2012,"October",26329,8690,35019,"air"
2012,"October",98642,2093,100735,"cruise"
2012,"October",98642,2093,111142,"cruise"
2012,"November",42564,11694,54258,"air"
2012,"November",42564,11694,54258,"air"
2012,"November",182862,13117,195979,"cruise"
2012,"November",182862,13117,195979,"cruise"
2012,"December",580332,157318,737650,"air"
2012,"December",580333,157317,737681,"air"
2012,"December",1790550,117165,1904468,"cruise"
2012,"December",1790550,117165,1904468,"cruise"
2013,"February",56500,13101,69600,"air"
2013,"February",204302,20036,224338,"cruise"
2013,"February",204302,20036,224338,"cruise"
2013,"March",68940,14161,83101,"air"
2013,"March",216456,18158,234614,"cruise"
2013,"March",216456,18158,234614,"cruise"
2013,"April",54122,10595,64718,"air"
2013,"April",181424,10566,191990,"cruise"
2013,"April",181424,10566,191990,"cruise"
2013,"May",50922,10795,61717,"air"
2013,"May",88283,2234,-1.1,"cruise"
2013,"May",88283,2234,90517,"cruise"
2013,"June",48633,9756,58389,"air"
2013,"June",96832,4914,24.1,"cruise"
2013,"June",96832,4914,101746,"cruise"
2013,"July",47913,10900,58813,"air"
2013,"July",109727,2490,15.9,"cruise"
2013,"July",109727,2490,112217,"cruise"
2013,"August",39762,10508,50270,"air"
2013,"August",95534,2444,9.2,"cruise"
2013,"August",95534,2444,97978,"cruise"
2013,"September",21002,6872,27874,"air"
2013,"September",88204,4388,33.2,"cruise"
2013,"September",88204,4388,92592,"cruise"
2013,"October",27223,7367,34591,"air"
2013,"October",104759,6383,10.3,"cruise"
2013,"October",104759,6383,111142,"cruise"
2013,"November",40518,10646,51164,"air"
2013,"November",203637,11373,215010,"cruise"
2013,"November",203637,11373,215010,"cruise"
2013,"December",570005,132958,702963,"air"
2013,"December",1886647,116436,1998579,"cruise"
2013,"December",1886647,116436,1998579,"cruise"
2014,"February",54526,11895,66420,"air"
2014,"February",196194,23109,215001,"cruise"
2014,"February",196194,23109,215001,"cruise"
2014,"March",68542,13307,81849,"air"
2014,"March",200745,22048,216117,"cruise"
2014,"March",200745,22048,216117,"cruise"
2014,"April",56360,10706,67067,"air"
2014,"April",184953,8298,190801,"cruise"
2014,"April",184953,8298,190801,"cruise"
2014,"May",50664,11679,62343,"air"
2014,"May",107436,2262,107436,"cruise"
2014,"May",107436,2262,107436,"cruise"
2014,"June",54195,10422,64617,"air"
2014,"June",118619,4833,123452,"cruise"
2014,"June",118619,4833,123452,"cruise"
2014,"July",57207,11556,68763,"air"
2014,"July",146418,5417,148897,"cruise"
2014,"July",146418,5417,148897,"cruise"
2014,"August",43511,8944,52455,"air"
2014,"August",113437,4700,117937,"cruise"
2014,"August",113437,4700,117937,"cruise"
2014,"September",22058,6404,28462,"air"
2014,"September",91806,2258,94064,"cruise"
2014,"September",91806,2258,94064,"cruise"
2014,"October",31947,7858,39806,"air"
2014,"October",93978,6551,100529,"cruise"
2014,"October",93978,6551,100529,"cruise"
2014,"November",44581,9147,53728,"air"
2014,"November",191839,11043,202882,"cruise"
2014,"November",191839,15310,202882,"cruise"
2014,"December",601944,128423,730367,"air"
2014,"December",1979926,127238,2083890,"cruise"
2014,"December",1979926,138055,2083890,"cruise"
2015,"February",59457,12638,72094,"air"
2015,"February",59457,12638,72094,"air"
2015,"February",210642,15920,223804,"cruise"
2015,"February",210642,15920,223804,"cruise"
2015,"March",69853,14202,84055,"air"
2015,"March",69853,14202,84055,"air"
2015,"March",216418,22402,234400,"cruise"
2015,"March",216418,22402,234400,"cruise"
2015,"April",60820,12551,73371,"air"
2015,"April",60820,12218,73039,"air"
2015,"April",185296,14702,197802,"cruise"
2015,"April",185296,14702,197802,"cruise"
2015,"May",55642,13526,69169,"air"
2015,"May",55642,13100,68742,"air"
2015,"May",82538,3454,85992,"cruise"
2015,"May",82538,3454,85992,"cruise"
2015,"June",55106,14373,69479,"air"
2015,"June",55106,12582,67688,"air"
2015,"June",108704,3445,112149,"cruise"
2015,"June",108704,3445,90638,"cruise"
2015,"July",56251,15448,71699,"air"
2015,"July",56251,13645,69896,"air"
2015,"July",92270,7251,99521,"cruise"
2015,"July",92270,7251,-0.5,"cruise"
2015,"August",44000,11804,55804,"air"
2015,"August",42628,8966,51594,"air"
2015,"August",75634,3563,79197,"cruise"
2015,"August",75634,3563,12.2,"cruise"
2015,"September",22321,8953,31274,"air"
2015,"September",24159,8538,32697,"air"
2015,"September",92736,6497,99233,"cruise"
2015,"September",92736,6497,99233,"cruise"
2015,"October",30767,9372,40139,"air"
2015,"October",32185,8637,40823,"air"
2015,"October",109558,3218,112776,"cruise"
2015,"October",109558,3218,112776,"cruise"
2015,"November",42628,9989,52617,"air"
2015,"November",44379,9516,53895,"air"
2015,"November",184952,14491,199443,"cruise"
2015,"November",184952,21142,199443,"cruise"
2015,"December",618014,151143,769158,"air"
2015,"December",622790,141384,764174,"air"
2015,"December",1747596,142743,1878847,"cruise"
2015,"December",1747596,159353,1878847,"cruise"
2016,"February",57308,14280,71587,"air"
2016,"February",57308,14280,71587,"air"
2016,"February",190738,22404,206594,"cruise"
2016,"February",190738,22404,206594,"cruise"
2016,"March",71456,16207,87663,"air"
2016,"March",71456,16207,87663,"air"
2016,"March",203149,11629,214778,"cruise"
2016,"March",203149,18606,214778,"cruise"
2016,"April",57458,11994,69453,"air"
2016,"April",57458,11994,69453,"air"
2016,"April",179676,14821,187660,"cruise"
2016,"April",179676,14821,187660,"cruise"
2016,"May",52321,13124,65445,"air"
2016,"May",52321,13124,65445,"air"
2016,"May",111383,3288,111383,"cruise"
2016,"May",111383,3288,-14,"cruise"
2016,"June",57159,12851,70010,"air"
2016,"June",57159,12851,70010,"air"
2016,"June",90638,0,-19.2,"cruise"
2016,"June",90638,NA,90638,"cruise"
2016,"July",62384,13314,75698,"air"
2016,"July",62384,13314,75698,"air"
2016,"July",99058,99521,198579,"cruise"
2016,"July",99058,NA,99058,"cruise"
2016,"August",48734,10545,59279,"air"
2016,"August",48734,10545,59279,"air"
2016,"August",88877,79197,168074,"cruise"
2016,"August",88877,NA,88877,"cruise"
2016,"September",30466,8504,38970,"air"
2016,"September",30466,8504,38970,"air"
2016,"September",81577,3380,84957,"cruise"
2016,"September",81577,3380,84957,"cruise"
2016,"October",37909,8369,46279,"air"
2016,"October",37909,8369,46279,"air"
2016,"October",93053,2162,95215,"cruise"
2016,"October",93053,NA,93053,"cruise"
2016,"November",45536,11124,56660,"air"
2016,"November",45536,11124,56660,"air"
2016,"November",155245,11258,166503,"cruise"
2016,"November",155245,11258,166503,"cruise"
2016,"December",646260,150629,796889,"air"
2016,"December",646260,150629,796889,"air"
2016,"December",1694058,110161,1776735,"cruise"
2016,"December",1694058,117138,1776735,"cruise"
2017,"February",59985,14779,74763,"air"
2017,"February",59985,14779,74763,"air"
2017,"February",154515,4595,159110,"cruise"
2017,"February",155743,4595,160338,"cruise"
2017,"March",70197,16516,86713,"air"
2017,"March",70197,16516,86713,"air"
2017,"March",190430,5835,196265,"cruise"
2017,"March",192134,5835,197969,"cruise"
2017,"April",65089,13559,78649,"air"
2017,"April",65089,13559,78649,"air"
2017,"April",140504,7013,147517,"cruise"
2017,"April",141371,7013,148384,"cruise"
2017,"May",51321,13157,64478,"air"
2017,"May",51321,13157,64478,"air"
2017,"May",95768,111383,207151,"cruise"
2017,"May",96345,2852,-4.8,"cruise"
2017,"June",58099,12854,70953,"air"
2017,"June",58099,12854,70953,"air"
2017,"June",71985,NA,71985,"cruise"
2017,"June",72458,NA,72458,"cruise"
2017,"July",60353,13741,74094,"air"
2017,"July",60353,13741,74094,"air"
2017,"July",80645,NA,80645,"cruise"
2017,"July",81166,NA,81166,"cruise"
2017,"August",45792,10788,56580,"air"
2017,"August",45792,10788,56580,"air"
2017,"August",109160,NA,109160,"cruise"
2017,"August",110132,NA,110132,"cruise"
2017,"September",1004,2057,3061,"air"
2017,"September",1004,9133,3061,"air"
2017,"September",3594,3224,6818,"cruise"
2017,"September",6060,2841,86472,"cruise"
2017,"October",7084,2926,10011,"air"
2017,"October",7084,2926,10011,"air"
2017,"October",2162,NA,2162,"cruise"
2017,"November",11056,4845,15901,"air"
2017,"November",11056,4845,15901,"air"
2017,"November",68699,1224,69923,"cruise"
2017,"November",69423,1224,70647,"cruise"
2017,"December",506206,130606,636812,"air"
2017,"December",506206,130606,636812,"air"
2017,"December",1271669,32634,1304303,"cruise"
2017,"December",1284604,32634,1317238,"cruise"
2018,"February",17265,12368,29632,"air"
2018,"February",17677,12853,30530,"air"
2018,"February",123823,5510,129333,"cruise"
2018,"February",123823,5510,129333,"cruise"
2018,"March",23775,14716,38491,"air"
2018,"March",24185,15200,39386,"air"
2018,"March",132825,3826,136651,"cruise"
2018,"March",132825,3826,136651,"cruise"
2018,"April",25708,12673,38382,"air"
2018,"April",26158,13204,39362,"air"
2018,"April",95448,14493,107460,"cruise"
2018,"April",95448,14493,107460,"cruise"
2018,"May",25428,12974,38402,"air"
2018,"May",25889,13517,39406,"air"
2018,"May",92313,96345,188658,"cruise"
2018,"May",92313,2852,54003,"cruise"
2018,"June",30946,14602,45548,"air"
2018,"June",31567,15334,46901,"air"
2018,"June",71482,NA,71482,"cruise"
2018,"June",71482,1617,58.9,"cruise"
2018,"July",31612,13125,44737,"air"
2018,"July",32234,13858,46092,"air"
2018,"July",87199,NA,87199,"cruise"
2018,"July",87199,0,3.7,"cruise"
2018,"August",29041,12062,41103,"air"
2018,"August",29785,12938,42724,"air"
2018,"August",81431,NA,81431,"cruise"
2018,"August",81431,0,-14.5,"cruise"
2018,"September",19735,3061,28868,"air"
2018,"September",20195,9675,28868,"air"
2018,"September",83631,NA,83631,"cruise"
2018,"September",83631,2841,83631,"cruise"
2018,"October",23787,10386,34174,"air"
2018,"October",24284,10972,35256,"air"
2018,"October",110611,2171,112782,"cruise"
2018,"November",33833,12907,46740,"air"
2018,"November",34300,13457,47757,"air"
2018,"November",171912,9096,181008,"cruise"
2018,"November",171912,9096,181008,"cruise"
2018,"December",321928,155912,477840,"air"
2018,"December",328015,163083,491098,"air"
2018,"December",1366390,79689,1430702,"cruise"
2018,"December",1366390,79689,1430702,"cruise"
2019,"February",43304,15275,58580,"air"
2019,"February",43304,15275,58580,"air"
2019,"February",136456,9745,146201,"cruise"
2019,"February",136456,9745,146201,"cruise"
2019,"March",54013,16635,70648,"air"
2019,"March",54013,16635,70648,"air"
2019,"March",152878,4380,157258,"cruise"
2019,"March",152878,4380,78078,"cruise"
2019,"April",29363,13955,43317,"air"
2019,"April",29363,13955,43317,"air"
2019,"April",108081,4417,109997,"cruise"
2019,"April",108081,0,108081,"cruise"
2019,"May",41168,15052,56220,"air"
2019,"May",41168,15052,56220,"air"
2019,"May",54003,0,-41.1,"cruise"
2019,"May",54003,0,54003,"cruise"
2019,"June",48272,13710,61982,"air"
2019,"June",48272,13710,61982,"air"
2019,"June",111940,71482,183422,"cruise"
2019,"June",111940,0,111940,"cruise"
2019,"July",47617,13963,61579,"air"
2019,"July",47617,13963,61579,"air"
2019,"July",90421,87199,177620,"cruise"
2019,"July",90421,0,90421,"cruise"
2019,"August",37983,10393,48376,"air"
2019,"August",37983,10393,48376,"air"
2019,"August",69656,81431,151087,"cruise"
2019,"August",69656,0,69656,"cruise"
2019,"September",19685,8125,27810,"air"
2019,"September",19685,8125,27810,"air"
2019,"September",52790,4384,52790,"cruise"
2019,"September",52790,0,52790,"cruise"
2019,"October",24310,6718,31027,"air"
2019,"October",24310,6718,31027,"air"
2019,"October",116508,2815,116508,"cruise"
2019,"October",116508,0,116508,"cruise"
2019,"November",37091,11308,48398,"air"
2019,"November",37091,11308,48398,"air"
2019,"November",128230,5882,134112,"cruise"
2019,"November",128230,0,128230,"cruise"
2019,"December",480681,160205,640887,"air"
2019,"December",480681,160205,640887,"air"
2019,"December",1391802,54827,1433122,"cruise"
2019,"December",1391802,54827,1433122,"cruise"
2020,"February",55530,11137,66668,"air"
2020,"February",55530,11137,66668,"air"
2020,"February",175321,7540,181232,"cruise"
2020,"February",175321,7540,182861,"cruise"
2020,"March",30127,5869,35996,"air"
2020,"March",30127,5869,35996,"air"
2020,"March",78078,0,-50.4,"cruise"
2020,"March",78078,0,78078,"cruise"
2020,"April",1475,1174,2649,"air"
2020,"April",1475,1174,2649,"air"
2020,"April",109997,0,109997,"cruise"
2020,"April",0,0,0,"cruise"
2020,"May",4550,2761,7311,"air"
2020,"May",4550,2761,7311,"air"
2020,"May",54003,0,54003,"cruise"
2020,"May",0,0,0,"cruise"
2020,"June",16305,6624,22929,"air"
2020,"June",16305,6624,22929,"air"
2020,"June",113557,0,113557,"cruise"
2020,"June",0,0,0,"cruise"
2020,"July",34621,9376,43997,"air"
2020,"July",34621,9376,43997,"air"
2020,"July",90421,0,90421,"cruise"
2020,"July",0,NA,0,"cruise"
2020,"August",23631,5904,29535,"air"
2020,"August",23631,5904,29535,"air"
2020,"August",69656,0,69656,"cruise"
2020,"August",1221,0,1221,"cruise"
2020,"September",8691,4870,13561,"air"
2020,"September",8691,4870,13561,"air"
2020,"September",52790,0,52790,"cruise"
2020,"September",2620,0,2620,"cruise"
2020,"October",23431,4581,28012,"air"
2020,"October",23431,4581,28012,"air"
2020,"October",116508,0,116508,"cruise"
2020,"October",0,NA,0,"cruise"
2020,"November",31190,7427,38617,"air"
2020,"November",31190,7427,38617,"air"
2020,"November",134112,0,134112,"cruise"
2020,"November",6306,0,6306,"cruise"
2020,"December",326244,89505,415749,"air"
2020,"December",326244,89505,415749,"air"
2020,"December",424583,17444,440398,"cruise"
2020,"December",424583,17444,442027,"cruise"
2021,"February",41476,8656,50132,"air"
2021,"February",41476,8656,50132,"air"
2021,"February",0,0,0,"cruise"
2021,"March",62528,15170,77698,"air"
2021,"March",62528,15170,77698,"air"
2021,"March",0,0,0,"cruise"
2021,"April",60695,11353,72047,"air"
2021,"April",60695,11353,72047,"air"
2021,"April",0,0,0,"cruise"
2021,"May",68455,13934,82388,"air"
2021,"May",68455,13934,82388,"air"
2021,"May",0,0,0,"cruise"
2021,"June",74472,17440,91911,"air"
2021,"June",74472,17440,91911,"air"
2021,"June",0,0,0,"cruise"
2021,"July",78197,18891,97089,"air"
2021,"July",78197,18891,97089,"air"
2021,"July",4374,NA,4374,"cruise"
2021,"August",53803,10589,64392,"air"
2021,"August",53803,10589,64392,"air"
2021,"August",9330,0,9330,"cruise"
2021,"September",31349,7273,38622,"air"
2021,"September",31349,7273,38622,"air"
2021,"September",12649,0,12649,"cruise"
2021,"October",41198,9213,50412,"air"
2021,"October",41198,9213,50412,"air"
2021,"October",21575,0,21575,"cruise"
2021,"November",52769,11789,64558,"air"
2021,"November",52769,11789,64558,"air"
2021,"November",59980,0,59980,"cruise"
2021,"December",671398,148123,819521,"air"
2021,"December",639588,148123,819521,"air"
2021,"December",224698,20997,245695,"cruise"
2022,"February",58319,12910,71229,"air"
2022,"February",58319,12910,71229,"air"
2022,"February",66275,24826,91101,"cruise"
2022,"March",72504,14572,87075,"air"
2022,"March",72504,14572,87075,"air"
2022,"March",106984,12682,207392,"cruise"
2022,"April",67528,12371,79899,"air"
2022,"April",67528,12371,79899,"air"
2022,"April",79092,9689,88781,"cruise"
2022,"May",60056,13475,73530,"air"
2022,"May",60056,13475,73530,"air"
2022,"May",58482,0,58482,"cruise"
2022,"June",65586,12858,78444,"air"
2022,"June",65586,12858,78444,"air"
2022,"June",57159,3444,75990,"cruise"
2022,"July",64903,12606,77510,"air"
2022,"July",64903,12606,77510,"air"
2022,"July",72902,7055,91489,"cruise"
2022,"August",48148,8570,56718,"air"
2022,"August",48148,8570,56718,"air"
2022,"August",86998,0,104744,"cruise"
2022,"September",24481,6926,31407,"air"
2022,"September",24481,6926,31407,"air"
2022,"September",32364,0,42866,"cruise"
2022,"October",33674,10160,43835,"air"
2022,"October",33674,10160,43835,"air"
2022,"October",67379,0,83798,"cruise"
2022,"November",44407,9682,54089,"air"
2022,"November",44407,9682,54089,"air"
2022,"November",86219,20769,130176,"cruise"
2022,"December",653641,138367,792008,"air"
2022,"December",653641,138367,792008,"air"
2022,"December",191524,19026,210550,"cruise"
2023,"February",57184,13771,70956,"air"
2023,"February",57184,13771,70956,"air"
2023,"February",170249,75515,245764,"cruise"
2023,"February",170249,24826,195075,"cruise"
2023,"March",64618,16371,80989,"air"
2023,"March",64618,16371,80989,"air"
2023,"March",167377,40015,73.3,"cruise"
2023,"March",167377,40015,207392,"cruise"
2023,"April",56345,13282,69627,"air"
2023,"April",56345,13282,69627,"air"
2023,"April",152661,16650,169311,"cruise"
2023,"April",152661,16650,169311,"cruise"
2023,"May",49462,16602,66064,"air"
2023,"May",49462,16602,66064,"air"
2023,"May",113666,0,113666,"cruise"
2023,"May",113666,0,136422,"cruise"
2023,"June",55462,14598,70060,"air"
2023,"June",55462,14598,70060,"air"
2023,"June",68196,7794,25.4,"cruise"
2023,"June",68196,7794,75990,"cruise"
2023,"July",59612,15738,75350,"air"
2023,"July",59612,15738,75350,"air"
2023,"July",83605,7884,14.4,"cruise"
2023,"July",83605,7884,91489,"cruise"
2023,"August",40176,10024,50200,"air"
2023,"August",40176,10024,50200,"air"
2023,"August",100788,3956,20.4,"cruise"
2023,"August",100788,3956,87658,"cruise"
2023,"September",24986,6413,31399,"air"
2023,"September",24986,6413,31399,"air"
2023,"September",39240,3626,32.4,"cruise"
2023,"September",39240,3626,76899,"cruise"
2023,"October",34073,9224,43297,"air"
2023,"October",34073,9224,43297,"air"
2023,"October",72801,10997,24.4,"cruise"
2023,"October",72801,10997,83798,"cruise"
2023,"November",48762,12747,61509,"air"
2023,"November",48762,12747,61509,"air"
2023,"November",121152,9024,21.7,"cruise"
2023,"November",121152,9024,130176,"cruise"
2023,"December",618820,163202,782022,"air"
2023,"December",618820,163202,782022,"air"
2023,"December",179313,10388,189701,"cruise"
2023,"December",179313,NA,179313,"cruise"
2024,"February",68950,20779,89729,"air"
2024,"February",187777,9924,197701,"cruise"
2024,"March",83677,22349,106026,"air"
2024,"March",186720,8043,194763,"cruise"
2024,"April",69364,15323,84688,"air"
2024,"April",160609,14214,174823,"cruise"
2024,"May",69408,16583,85992,"air"
2024,"May",123344,13078,20,"cruise"
2024,"June",67986,15000,82986,"air"
2024,"June",93322,13344,106666,"cruise"
2024,"July",64752,15891,80643,"air"
2024,"July",86417,13244,99661,"cruise"
2024,"August",45896,10105,56000,"air"
2024,"August",78493,9165,-16.3,"cruise"
2024,"September",27217,7629,34846,"air"
2024,"September",65728,11171,79.4,"cruise"
2024,"October",36164,7946,44111,"air"
2024,"October",95123,18696,113819,"cruise"
2024,"November",49731,13129,62861,"air"
2024,"November",149486,12075,161561,"cruise"
2024,"December",722321,186400,908721,"air"
2024,"December",135273,NA,135273,"cruise"
